<!--
/**
 * phpBB
 *
 * NOTICE OF LICENSE
 * 
 * Copyright (C) Microsoft Corporation All rights reserved.
 * 
 * This program is free software; you can redistribute it and/or modify it 
 * under the terms of the GNU General Public License version 2 as published 
 * by the Free Software Foundation.
 * This program is distributed in the hope that it will be useful, 
 * but WITHOUT ANY WARRANTY; without even the implied warranty of 
 * MERCHANTABILITY or FITNESS FOR A PARTICULAR PURPOSE. 
 * See the GNU General Public License for more details.
 * 
 * You should have received a copy of the GNU General Public License 
 * along with this program; if not, write to the 
 * Free Software Foundation, Inc., 59 Temple Place, Suite 330, Boston, MA 02111-1307 USA
 * 
 */
-->
<MSDeploy.iisApp>
  <iisApp path="phpBB3"/>
  <dbmysql path="install.sql" removeCommandDelimiter="true" commandDelimiter="$$" />
  <dbfullsql path="createLogin.sql" transacted="false"/>
  <dbfullsql path="createUser.sql" transacted="false" />

  <!-- Change folder permissions for phpBB -->
  <setAcl path="phpBB3/store"
    setAclUser="anonymousAuthenticationUser"
    setAclAccess="Modify" />
  <setAcl path="phpBB3/cache"
    setAclUser="anonymousAuthenticationUser"
    setAclAccess="Modify" />
  <setAcl path="phpBB3/files"
    setAclUser="anonymousAuthenticationUser"
    setAclAccess="Modify" />
  <setAcl path="phpBB3/images/avatars/upload"
    setAclUser="anonymousAuthenticationUser"
    setAclAccess="Modify" />
  <setAcl path="phpBB3/install"
    setAclUser="anonymousAuthenticationUser"
    setAclAccess="Modify" />
  <setAcl path="phpBB3/config.php" 
    setAclResourceType="File" 
    setAclAccess="Modify" 
    setAclUser="anonymousAuthenticationUser" />
  <setAcl path="phpBB3/tmp.config.php"
    setAclResourceType="File"
    setAclAccess="Modify"
    setAclUser="anonymousAuthenticationUser" />

  <!-- Add the PHP script to delete the install folder -->
  <alias from="rminstall.php" to="phpBB3/rminstall.php" />
  <!-- Add the temporary config file to auto populate the database fields -->
  <alias from="tmp.config.php" to="phpBB3/tmp.config.php" />
</MSDeploy.iisApp>
