<!--
/**
 * phpBB
 *
 * NOTICE OF LICENSE
 * 
 * Copyright (C) Microsoft Corporation All rights reserved.
 * 
 * This program is free software; you can redistribute it and/or modify it 
 * under the terms of the GNU General Public License version 2 as published 
 * by the Free Software Foundation.
 * This program is distributed in the hope that it will be useful, 
 * but WITHOUT ANY WARRANTY; without even the implied warranty of 
 * MERCHANTABILITY or FITNESS FOR A PARTICULAR PURPOSE. 
 * See the GNU General Public License for more details.
 * 
 * You should have received a copy of the GNU General Public License 
 * along with this program; if not, write to the 
 * Free Software Foundation, Inc., 59 Temple Place, Suite 330, Boston, MA 02111-1307 USA
 * 
 */
-->
<parameters>
  <parameter name="AppPath" defaultValue="Default Web Site/phpbb3" tags="iisapp">
    <parameterEntry type="ProviderPath" scope="iisapp" match="phpbb3" />
  </parameter>

  <parameter name="Dbport" defaultValue="" tags="Hidden,MySQL"/>
  <parameter name="Automatic Dbport" defaultValue="dbport = '{Dbport}';" tags="Hidden,MySQL">
		<parameterEntry kind="TextFile" scope="\\config\.php$" match="dbport\s*=\s*'([^']*)'\s*;" />
    <parameterEntry kind="TextFile" scope="\\tmp\.config\.php$" match="dbport\s*=\s*'([^']*)'\s*;" />
	</parameter>
	
  <parameter name="DbServer" defaultValue="localhost" tags="MySQL,dbServer">
    <parameterEntry type="TextFile" scope="install.sql" match="PlaceholderForDbServer" />
  </parameter>
  
  <!-- Read database server from config.php . Update 'dbhost' in config.php on publish -->
	<parameter name="Automatic MySQL DatabaseServer" defaultValue="dbhost = '{DbServer}';" tags="Hidden,MySQL">
		<parameterEntry kind="TextFile" scope="\\config\.php$" match="dbhost\s*=\s*'([^']*)'\s*;" />
    <parameterEntry kind="TextFile" scope="\\tmp\.config\.php$" match="dbhost\s*=\s*'([^']*)'\s*;" />
	</parameter>
  <parameter name="DbName" defaultValue="phpbb" tags="MySQL,dbName">
    <parameterValidation type="RegularExpression" validationString="^\w{1,16}$" />
    <parameterEntry type="TextFile" scope="install.sql" match="PlaceholderForDbName" />
  </parameter>
  <!-- Read database name from config.php . Update 'dbname' in config.php on publish -->
	<parameter name="Automatic MySQL Database Name" defaultValue="dbname = '{DbName}';" tags="Hidden,MySQL">
		<parameterEntry kind="TextFile" scope="\\config\.php$" match="dbname\s*=\s*'([^']*)'\s*;" />
    <parameterEntry kind="TextFile" scope="\\tmp\.config\.php$" match="dbname\s*=\s*'([^']*)'\s*;" />
	</parameter>
  
  <parameter name="DbUsername" defaultValue="phpbbuser" tags="MySQL,DbUsername">
    <parameterValidation type="RegularExpression" validationString="^\w{1,16}$" />
    <parameterEntry type="TextFile" scope="install.sql" match="PlaceholderForDbUsername" />
  </parameter>
<!-- Read database user from config.php . Update 'dbuser' in config.php on publish -->
	<parameter name="Automatic MySQL Database User" defaultValue="dbuser = '{DbUsername}';" tags="Hidden,MySQL">
		<parameterEntry kind="TextFile" scope="\\config\.php$" match="dbuser\s*=\s*'([^']*)'\s*;" />
    <parameterEntry kind="TextFile" scope="\\tmp\.config\.php$" match="dbuser\s*=\s*'([^']*)'\s*;" />
	</parameter>
  <parameter name="DbPassword" tags="New,Password,MySQL,DbUserPassword">
    <parameterEntry type="TextFile" scope="install.sql" match="PlaceholderForDbPassword" />
  </parameter>
  <!-- Read database password from config.php . Update 'dbpasswd' in config.php on publish -->
	<parameter name="MySQL Automatic Database Password" defaultValue="dbpasswd = '{DbPassword}';" tags="Hidden,MySQL">
	  <parameterEntry kind="TextFile" scope="\\config\.php$" match="dbpasswd\s*=\s*'([^']*)'\s*;" />
    <parameterEntry kind="TextFile" scope="\\tmp\.config\.php$" match="dbpasswd\s*=\s*'([^']*)'\s*;" />
	</parameter>
  <!-- Database type for MySQL -->
  <parameter name="MySQL Automatic Database Type" defaultValue="dbms = 'mysql';" tags="Hidden,MySQL">
    <parameterEntry kind="TextFile" scope="\\config\.php$" match="$dbms\s*=\s*'([^']*)'\s*;" />
    <parameterEntry kind="TextFile" scope="\\tmp\.config\.php$" match="dbms\s*=\s*'([^']*)'\s*;" />
  </parameter>
  <parameter name="DbAdminUsername" defaultValue="root" tags="MySQL,DbAdminUsername">
  </parameter>
  
  <parameter name="DbAdminPassword" defaultValue="" description="Password for the database administrator account." tags="Password,MySQL,DbAdminPassword">
  </parameter>

  <parameter name="Connection String" defaultValue="Server={DbServer};Database={DbName};uid={DbAdminUsername};Pwd={DbAdminPassword};" tags="Hidden,MySQLConnectionString,Validate,MySQL">
    <parameterEntry type="ProviderPath" scope="dbmysql" match="install.sql" />
  </parameter>

  <parameter name="SQL DatabaseServer" description="Location of your database server.  Enter .\sqlexpress, or specify your database server's name or IP address." defaultValue=".\sqlexpress" tags="SQL, dbServer">
  </parameter>

  <!-- Read database server from config.php . Update 'dbhost' in config.php on publish -->
	<parameter name="SQL Automatic DatabaseServer" defaultValue="dbhost = '{SQL DatabaseServer}';" tags="Hidden,SQL">
		<parameterEntry kind="TextFile" scope="\\config\.php$" match="dbhost\s*=\s*'([^']*)'\s*;" />
    <parameterEntry kind="TextFile" scope="\\tmp\.config\.php$" match="dbhost\s*=\s*'([^']*)'\s*;" />
	</parameter>
	
  <parameter name="SQL DatabaseName" description="The database name to be used by phpBB" defaultValue="phpbb" tags="SQL, dbName">
    
   
  </parameter>
  <!-- Read database name from config.php . Update 'dbname' in config.php on publish -->
	<parameter name="SQL Automatic DatabaseName" defaultValue="dbname = '{SQL DatabaseName}';" tags="Hidden,SQL">
		<parameterEntry kind="TextFile" scope="\\config\.php$" match="dbname\s*=\s*'([^']*)'\s*;" />
    <parameterEntry kind="TextFile" scope="\\tmp\.config\.php$" match="dbname\s*=\s*'([^']*)'\s*;" />
	</parameter>

  <parameter name="SQL DatabaseUserName" description="Username to access your phpBB database" defaultValue="phpbbuser" tags="SQL, dbUserName">
    <parameterEntry type="TextFile" scope="createLogin.sql" match="PlaceHolderForUser" />
		<parameterEntry type="TextFile" scope="createUser.sql" match="PlaceHolderForUser" />
  </parameter>
<!-- Read database user from config.php . Update 'dbuser' in config.php on publish -->
	<parameter name="SQL Automatic Database User" defaultValue="dbuser = '{SQL DatabaseUserName}';" tags="Hidden,SQL">
		<parameterEntry kind="TextFile" scope="\\config\.php$" match="dbuser\s*=\s*'([^']*)'\s*;" />
    <parameterEntry kind="TextFile" scope="\\tmp\.config\.php$" match="dbuser\s*=\s*'([^']*)'\s*;" />
	</parameter>
  
  <parameter name="SQL DatabaseUserPassword" description="Password for your phpBB database.Ensure that Passwords will contain at least 1 upper 
  case letter, at least 1 lower case letter, at least 1 number or  special character, and be least 8 characters in length" tags="SQL, New, Password, dbUserPassword">
   <parameterValidation          type = "RegularExpression"          validationString = "(?=^.{8,}$)((?=.*\d)|(?=.*\W+))(?![.\n])(?=.*[A-Z])(?=.*[a-z]).*$"  />
    <parameterEntry type="TextFile" scope="createLogin.sql" match="PlaceHolderForPassword" />
  </parameter>
  <!-- Read database user password from config.php . Update 'dbpasswd' in config.php on publish -->
	<parameter name="SQL Automatic Database Password" defaultValue="dbpasswd = '{SQL DatabaseUserPassword}';" tags="Hidden,SQL">
		<parameterEntry kind="TextFile" scope="\\config\.php$" match="dbpasswd\s*=\s*'([^']*)'\s*;" />
    <parameterEntry kind="TextFile" scope="\\tmp\.config\.php$" match="dbpasswd\s*=\s*'([^']*)'\s*;" />
	</parameter>
  <!-- Database type for SQL -->
  <parameter name="SQL Automatic Database Type" defaultValue="dbms = 'mssqlnative';" tags="Hidden,SQL">
    <parameterEntry kind="TextFile" scope="\\config\.php$" match="$dbms\s*=\s*'([^']*)'\s*;" />
    <parameterEntry kind="TextFile" scope="\\tmp\.config\.php$" match="dbms\s*=\s*'([^']*)'\s*;" />
  </parameter>
  
  <parameter name="SQL DatabaseAdministrator" description="Administrator username for your database." defaultValue="sa" tags="SQL, dbAdminUsername">
  </parameter>

  <parameter name="SQL DatabaseAdministratorPassword" description="Password that is associated with the database administrator account." tags="Password, SQL, dbAdminPassword">
  </parameter>

  <!-- SQL Connection string -->
	<parameter
		name="SQL ConnectionString1"
		description="Automatically sets the connection string for the connection request."
		defaultValue="Server={SQL DatabaseServer};Database=master;uid={SQL DatabaseAdministrator};Pwd={SQL DatabaseAdministratorPassword};"
		tags="Hidden,NoStore,SQLConnectionString">

		<parameterEntry
			type="ProviderPath"
			scope="dbfullsql"
			match="createLogin.sql" />
	</parameter>
	<parameter
		name="SQL ConnectionString2"
		description="Automatically sets the connection string for the connection request."
		defaultValue="Server={SQL DatabaseServer};Database={SQL DatabaseName};uid={SQL DatabaseAdministrator};Pwd={SQL DatabaseAdministratorPassword};"
		tags="Hidden,SQLConnectionString">

		<parameterEntry
			type="ProviderPath"
			scope="dbfullsql"
			match="createUser.sql" />
	</parameter>
	<!-- Add the message with rminstall.php link to delete the install folder in install.php file -->
  <parameter name="rminstall link in install file" defaultValue="Please &lt;a href=\'../rminstall.php\'&gt;delete&lt;/a&gt;, move or rename the install directory before using your board. While this directory exists, only the Administration Control Panel (ACP) will be accessible. &lt;br /&gt; Click &lt;a href=\'../rminstall.php\'&gt;&lt;font color=\'#bc2a4d\'&gt;here&lt;/font&gt;&lt;/a&gt; to delete the install directory." tags="Hidden,NoStore">
    <parameterEntry kind="TextFile" scope="\\language\\en\\install.php$" match="Please delete, move or rename the install directory before using your board. While this directory exists, only the Administration Control Panel \(ACP\) will be accessible." />
  </parameter>
  <!-- Add the message with rminstall.php link to delete the install folder in common.php file -->
  <parameter name="rminstall link in common file" defaultValue="Please &lt;a href=\'./rminstall.php\'&gt;delete&lt;/a&gt;, move or rename the install directory before you use your board. If this directory is still present, only the Administration Control Panel (ACP) will be accessible. &lt;br /&gt; Click &lt;a href=\'./rminstall.php\'&gt;&lt;font color=\'#bc2a4d\'&gt;here&lt;/font&gt;&lt;/a&gt; to delete the install directory." tags="Hidden,NoStore">
    <parameterEntry kind="TextFile" scope="\\language\\en\\common.php$" match="Please delete, move or rename the install directory before you use your board. If this directory is still present, only the Administration Control Panel \(ACP\) will be accessible." />
  </parameter>
  
  <!-- Code to auto populate the database fields -->
  <!--<parameter name="declare phpbb root path as global" defaultValue=", $phpbb_root_path" tags="Hidden,NoStore">
    <parameterEntry type="TextFilePosition" scope="\\install\\install_install.php$" match="530;32;1" />
  </parameter>-->

  <parameter name="include temporary config file" defaultValue="if (@file_exists($phpbb_root_path . 'tmp.config.' . $phpEx)) { include_once($phpbb_root_path . 'tmp.config.' . $phpEx); } $this->page_title = $lang['STAGE_DATABASE'];" tags="Hidden,NoStore">
    <parameterEntry kind="TextFile" scope="\\install\\install_install.php$" match="\$this->page_title = \$lang\[\'STAGE_DATABASE\'\];" />
  </parameter>

  <parameter name="assign the database fields" defaultValue="$data['dbms'] = (!empty($data['dbms']) ? $data['dbms'] : $dbms), $data['dbhost'] = (!empty($data['dbhost']) ? $data['dbhost'] : $dbhost), $data['dbport'] = (!empty($data['dbport']) ? $data['dbport'] : $dbport), $data['dbname'] = (!empty($data['dbname']) ? $data['dbname'] : $dbname), $data['dbuser'] = (!empty($data['dbuser']) ? $data['dbuser'] : $dbuser), $data['dbpasswd'] = (!empty($data['dbpasswd']) ? $data['dbpasswd'] : $dbpasswd), " tags="Hidden,NoStore">
    <parameterEntry type="TextFilePosition" scope="\\install\\install_install.php$" match="602;3;1" />
  </parameter>

  <parameter name="remove the temporary config file" defaultValue="@unlink($phpbb_root_path . 'cache/install_lock'); @unlink($phpbb_root_path . 'tmp.config.php');" tags="Hidden,NoStore">
    <parameterEntry kind="TextFile" scope="\\install\\install_install.php$" match="@unlink\(\$phpbb_root_path . \'cache/install_lock\'\);" />
  </parameter>
  
  <!-- dbsize fix for SQL Azure -->
  <parameter name="dbsize fix for sql azure" defaultValue="$sql_version = ($row = $db->sql_fetchrow($db->sql_query('SELECT @@version as version'))) ? $row['version'] : false; $sql = (strpos($sql_version, 'SQL Azure') !== false) ? 'SELECT ((SUM(reserved_page_count) * 8.0) * 1024.0) as dbsize FROM sys.dm_db_partition_stats' : 'SELECT ((SUM(size) * 8.0) * 1024.0) as dbsize FROM sysfiles';" tags="Hidden,NoStore">
    <parameterEntry kind="TextFile" scope="\\includes\\functions_admin.php$" match="\$sql = 'SELECT \(\(SUM\(size\) \* 8\.0\) \* 1024\.0\) as dbsize\s*FROM sysfiles';" />
  </parameter>
  
  <!-- Change folder permissions for phpBB -->
  <parameter name="SetAclParameter1" defaultValue="{AppPath}/store" tags="Hidden">
    <parameterEntry type="ProviderPath" scope="setAcl" match="phpBB3/store$" />
  </parameter>
  <parameter name="SetAclParameter2" defaultValue="{AppPath}/cache" tags="Hidden">
    <parameterEntry type="ProviderPath" scope="setAcl" match="phpBB3/cache$" />
  </parameter>
  <parameter name="SetAclParameter3" defaultValue="{AppPath}/files" tags="Hidden">
    <parameterEntry type="ProviderPath" scope="setAcl" match="phpBB3/files$" />
  </parameter>
  <parameter name="SetAclParameter4" defaultValue="{AppPath}/images/avatars/upload" tags="Hidden">
    <parameterEntry type="ProviderPath" scope="setAcl" match="phpBB3/images/avatars/upload$" />
  </parameter>
  <parameter name="SetAclParameter5" defaultValue="{AppPath}/install" tags="Hidden">
    <parameterEntry type="ProviderPath" scope="setAcl" match="phpBB3/install$" />
  </parameter>
  <parameter name="SetAclParameter6" defaultValue="{AppPath}/config.php" tags="Hidden">
    <parameterEntry type="ProviderPath" scope="setAcl" match="phpBB3/config.php$" />
  </parameter>
  <parameter name="SetAclParameter7" defaultValue="{AppPath}/tmp.config.php" tags="Hidden">
    <parameterEntry type="ProviderPath" scope="setAcl" match="phpBB3/tmp.config.php$" />
  </parameter>
  
  
</parameters>
